item_pack_name_0	応援セール！お得ネコカンパック 購入
item_pack_name_1	応援セール！超お得ネコカンパック 購入
item_pack_name_2	応援セール！激お得ネコカンパック 購入
item_pack_name_3	限定セール！ネコカンパック(梅) 購入
item_pack_name_4	限定セール！ネコカンパック(竹) 購入
item_pack_name_5	限定セール！ネコカンパック(松) 購入
item_pack_name_6	期間限定！レアチケット 購入
item_pack_name_7	期間限定！プラチナチケット 購入
item_pack_purchased_title	<flash>%@</flash><br>
item_pack_purchased_item	「%@」 %d個 → <color=255,255,0>%d個</color><br>
item_pack_purchased_xp	「%@」 %dXP → <color=255,255,0>%dXP</color><br>
item_pack_purchased_ticket	「%@」 %d枚 → <color=255,255,0>%d枚</color><br>
battle_result_first_clear_bonus	<color=255,255,0>初クリア報酬</color><br>ネコカン+30個<flash>ゲット！！</flash><br>さらに統率力が<flash>全回復！！</flash>
user_rank_gift_1600_catseye_unlocked	<flash>レベル上限解放！</flash><br>キャッツアイを使って、さらにキャラクターの<br>レベル上限を解放することができます
user_rank_gift_no_more	<color=255,255,0>現バージョンではこれ以上<br>報酬が設定されていません！</color>
user_rank_popup_title1	<color=255,255,0>ユーザーランクミッション</color><br>
user_rank_popup_title2	<flash>ユーザーランク%dに到達</flash><br>
user_rank_popup_title3	ユーザーランク達成報酬を受け取りますか？
user_rank_full_recovery_energy	さらに統率力が<flash>全回復！！</flash>
data_upload_error_catfood_20000	不正の恐れがあるデータが検出されましたので、セーブデータの保存は出来ません。恐れ入りますが、サポートまでご連絡ください。
energy_connecting	データを更新しています・・・
energy_connection_failed1	統率力の取得に失敗しました
energy_connection_failed2	通信環境の良い所で再起動してください
energy_fraud1	端末時間が変更された可能性があります
energy_fraud2	しばらくの間、統率力を回復できません
gamatoto_connection	データを更新しています・・・
gamatoto_connection_failed	探検残り時間の取得に失敗しました。通信環境の良い所で再起動してください。
gamatoto_fraud	端末時間が変更された可能性があります。しばらくの間、探検残り時間が進みません。
reset_item_reward	<color=255,255,0>報酬リセット！</color><br>報酬アイテムの「取得済み」状態がリセットされました<br>もう一度獲得することができます
reset_tower_state	<color=255,255,0>報酬・クリア状況リセット！</color><br>報酬アイテムの「取得済み」状態と<br>ステージのクリア状況がリセットされました
reward_energy	統率力回復のチャンスにゃ！<br>動画を見て統率力を%d回復しますか？</flash>
receive_energy	統率力が%d回復しました。
receive_energy_full	統率力が全回復しました。
network_unavailable_energy	ネットワークにアクセスできなかったので\n統率力を回復できませんでした
network_unavailable_gamatoto	ネットワークにアクセスできなかったので\nネコカンを取得できませんでした
001_img044.png	001_img044_ja.png
001_img044.imgcut	001_img044_ja.imgcut
001_img045.png	001_img045_ja.png
001_img045.imgcut	001_img045_ja.imgcut
021_e.png	021_e.png
021_e.imgcut	021_e.imgcut
slot_copy_select	出陣スロット%dの編成をコピーできます<br>コピー、または置き換えをしますか？
slot_copy	出陣スロット%dの編成をコピーしました<br>コピー先のスロットに移動して<br>「置き換え」を選んでください
slot_paste	出陣スロット%dの編成に置き換えます<br>よろしいですか？
instant_koyashi	リミット（限界レベル）になった青玉5個を<br>レアチケット1枚に交換できます<br>青玉を使いますか？<br>（あと%d個必要）
storage_koyashi	リミット（限界レベル）になったすべての<br>青玉をこやしにします<br>よろしいですか？<br>
have_koyashi	こやしにできる青玉を、%d個持っています
tutorial_favoriteUnit	「☆」ボタンをタップすることで<br>お気に入りに設定したキャラクターの表示と<br>キャラクター全体表示の切り替えができるぞ！
tutorial_favoriteUnit_pictureBook1	<color=255,255,0>お気に入り設定 その１</color><br>お気に入りに設定したいキャラクターを<br> タップで選択し、「☆設定完了」ボタンで<br> お気に入り編集モードを終了しよう！
tutorial_favoriteUnit_pictureBook2	<color=255,255,0>お気に入り設定 その２</color><br>パワーアップ画面やキャラクター編成画面内の<br>「☆」ボタンをタップすることで、お気に入りに<br>設定したキャラクターを表示できるぞ！
everyplay_not_supported	お使いの端末には対応しておりません
everyplay_no_related_videos	関連動画が見つかりませんでした。
cat_challenge01	<flash>ネコ道場へようこそ！</flash><br>敵を倒すとスコアが加算される腕試しステージ！<br>何度も挑戦してハイスコアを目指そう！<br>※敵を倒してもお金はもらえないぞ※
data_download_error_catfood_20000	不正の恐れがあるデータが検出されましたので、セーブデータの引継ぎが出来ません。恐れ入りますが、サポートまでご連絡ください。
cat_challenge_item	ネコ道場のステージでは<br>「スピードアップ」と「ニャンピュータ」は<br>使い放題にゃ！
nekodojo_twitter	我らが「にゃんこ軍団」がネコ道場%@で、%d点を獲得しました。 %@
nekodojo_facebook	我らが「にゃんこ軍団」がネコ道場%@で、%d点を獲得しました。\n %@
zombie_clear00	<flash>%@をゾンビから守りました！</flash><br>ネコカンを10個ゲットしました！
zombie_clear01	<flash>%@エリアをゾンビから守りました！</flash><br>%@エリアのお宝発見率アップ！
zombie_clear02	<flash>日本の全地域をゾンビから守りました！</flash><br>統率力の最大値が%dアップ！
zombie_area_00	九州
zombie_area_01	四国
zombie_area_02	中国
zombie_area_03	関西
zombie_area_04	北陸
zombie_area_05	東海
zombie_area_06	甲信越
zombie_area_07	関東
zombie_area_08	東北
zombie_area_09	北海道
zombie_area_10	南国
receivedBoxText	※配信日から30日経過したアイテムは自動的に削除されます。
receive_version_error	アプリを最新版にアップデートすると<br>受け取ることができます。
receive_network_error	通信エラーのため<br>アイテムを受け取れませんでした。
receive_item_popup	%s %d個
receive_item_popup_xp	%s +%d
receive_item_popup_chara	キャラクター「%s」
receive_item_popup_chara_evolve	キャラクター「%s」第3形態
receive_item_popup_last	受け取りました。
zombie_treasure	%@エリアをゾンビから守りました！<br>%@エリアのお宝発見率アップ！
receive_list_network_error	通信エラーのため<br>表示できませんでした。
receive_item_none_popup	受信BOXには受け取れる<br>アイテムがありません。
serial_error_popup	受け取ることができません。<br>恐れ入りますが、サポートに<br>お問い合わせください。
ponos_games_url	https://www.ponos.jp/games/thebattlecats/
zombie_comp	%@エリアをゾンビから守りました！<br>%@エリアのお宝発見率アップ！<br>日本の全地域をゾンビから守りました！<br>統率力の最大値アップボーナス！
maxcollab_mg	コラボ期間外のため、コラボキャラは取得できません
maxcollab_popup	<flash>EXキャラクター「%@」ゲット！</flash><br>パワーアップ画面から取得可能です。
slot_set_error	<color=255,255,0>出撃スロットにキャラクターをセットして下さい！</color>
shop_category1	バトルアイテム
shop_category2	経験値
shop_category3	ガマトト探検隊
collabo_send_message	「%@」で使えるコラボ特典をゲットできます。<br>「%@」を起動しますか？
collabo_send_title_0	ドラゴンポーカー
collabo_send_scheme_0	dragonpoker://?nyanko1=1
collabo_send_url_0	https://itunes.apple.com/jp/app/doragonpoka/id572233872?l=ja&ls=1&mt=8
collabo_send_url_android_0	https://play.google.com/store/apps/details?id=jp.co.asobism.drapoker
collabo_send_title_1	ドラゴンリーグX
collabo_send_scheme_1	jp.co.asobism.dragonx://?code=nyankoReward01
collabo_send_url_1	https://itunes.apple.com/jp/app/doragonrigux/id566304471
collabo_send_url_android_1	https://play.google.com/store/apps/details?id=jp.co.asobism.dragona2
collabo_send_title_2	生きろ！マンボウ！
collabo_send_scheme_2	com.pocketcreators.manbo://collaboration/nyanko1
collabo_send_url_2	https://itunes.apple.com/us/app/shengkiro!manbou!-3yi-pino/id743843492?l=ja&ls=1&mt=8
collabo_send_url_android_2	https://play.google.com/store/apps/details?id=jp.selectbutton.manbo
collabo_send_title_3	消滅都市2
collabo_send_scheme_3	shoumetsu://net.wrightflyer.shoumetsu/?serial_campaign_master_id=100&serial_code=DHRUBXDPVPTX88HH
collabo_send_url_3	itms-apps://itunes.apple.com/jp/app/pages/id858357080?mt=8
collabo_send_url_android_3	market://details?id=net.wrightflyer.shoumetsu
collabo_send_title_4	消滅都市2
collabo_send_scheme_4	shoumetsu://net.wrightflyer.shoumetsu/?serial_campaign_master_id=101&serial_code=WWZBXHG9DJAFPMKJ
collabo_send_url_4	itms-apps://itunes.apple.com/jp/app/pages/id858357080?mt=8
collabo_send_url_android_4	market://details?id=net.wrightflyer.shoumetsu
collabo_send_title_5	消滅都市2
collabo_send_scheme_5	shoumetsu://net.wrightflyer.shoumetsu/?serial_campaign_master_id=102&serial_code=GVC822CQ2HFN7LR2
collabo_send_url_5	itms-apps://itunes.apple.com/jp/app/pages/id858357080?mt=8
collabo_send_url_android_5	market://details?id=net.wrightflyer.shoumetsu
collabo_send_title_14	消滅都市2
collabo_send_scheme_14	shoumetsu://net.wrightflyer.shoumetsu/?serial_campaign_master_id=103&serial_code=Q5OL9QR4II6C2NFL
collabo_send_url_14	itms-apps://itunes.apple.com/jp/app/pages/id858357080?mt=8
collabo_send_url_android_14	market://details?id=net.wrightflyer.shoumetsu
collabo_send_title_6	メルクストーリア
collabo_send_scheme_6	jp.co.happyelements.toto://ny-201706-01
collabo_send_url_6	http://click.adzcore.com/1.0.22dfb467df63fb5aa52c82a8a1767632c
collabo_send_url_android_6	http://click.adzcore.com/1.0.73a6026cdd6629c5bf51433b4fbdd487c
collabo_send_title_15	メルクストーリア
collabo_send_scheme_15	jp.co.happyelements.toto://ny-201706-02
collabo_send_url_15	http://click.adzcore.com/1.0.22dfb467df63fb5aa52c82a8a1767632c
collabo_send_url_android_15	http://click.adzcore.com/1.0.73a6026cdd6629c5bf51433b4fbdd487c
collabo_send_title_16	メルクストーリア
collabo_send_scheme_16	jp.co.happyelements.toto://ny-201706-03
collabo_send_url_16	http://click.adzcore.com/1.0.22dfb467df63fb5aa52c82a8a1767632c
collabo_send_url_android_16	http://click.adzcore.com/1.0.73a6026cdd6629c5bf51433b4fbdd487c
collabo_send_title_7	モンハン 大狩猟クエスト
collabo_send_scheme_7	mhhq://ponos/collabo1fife
collabo_send_url_7	http://click.adzcore.com/1.0.cf40fbf90b2d73f00b5bbbc6a4bacfa1c
collabo_send_url_android_7	http://click.adzcore.com/1.0.714b024ed3e6eb1ee5f5b4d6654aab66c
collabo_send_title_8	モンハン 大狩猟クエスト
collabo_send_scheme_8	mhhq://ponos/collabo2fidd
collabo_send_url_8	http://click.adzcore.com/1.0.cf40fbf90b2d73f00b5bbbc6a4bacfa1c
collabo_send_url_android_8	http://click.adzcore.com/1.0.714b024ed3e6eb1ee5f5b4d6654aab66c
collabo_send_title_9	モンハン 大狩猟クエスト
collabo_send_scheme_9	mhhq://ponos/collabo3prac
collabo_send_url_9	http://click.adzcore.com/1.0.cf40fbf90b2d73f00b5bbbc6a4bacfa1c
collabo_send_url_android_9	http://click.adzcore.com/1.0.714b024ed3e6eb1ee5f5b4d6654aab66c
collabo_send_title_10	ゆるドラシル
collabo_send_scheme_10	yurudora://collabo/?key=nyagunaroku&value=7976
collabo_send_url_10	https://click.adzcore.com/1.0.9befc13d33676baf07ee26d336e72314c
collabo_send_url_android_10	https://click.adzcore.com/1.0.71a116d862251e7e31b921c07d97d6b0c
collabo_send_title_11	城とドラゴン
collabo_send_scheme_11	castleanddragon:///code=NyankoDaisensouReward0701
collabo_send_url_11	https://itunes.apple.com/jp/app/id953790507
collabo_send_url_android_11	market://details?id=jp.co.asobism_castleanddragon
collabo_send_title_12	クラッシュフィーバー
collabo_send_scheme_12	jp.wonderplanet.crashfever://Nyanko?code=001
collabo_send_url_12	https://itunes.apple.com/jp/app/crash-fever/id950175410
collabo_send_url_android_12	https://play.google.com/store/apps/details?id=jp.wonderplanet.CrashFever
collabo_send_title_13	クラッシュフィーバー
collabo_send_scheme_13	jp.wonderplanet.crashfever://Nyanko?code=002
collabo_send_url_13	https://itunes.apple.com/jp/app/crash-fever/id950175410
collabo_send_url_android_13	https://play.google.com/store/apps/details?id=jp.wonderplanet.CrashFever
scheme_item_param_0	fbq9bcp9
scheme_popup_0	<flash>%@%@個</flash><br>コラボイベント報酬をゲットしました！
scheme_item_param_1	hld7058h
scheme_popup_1	<flash>%@%@枚</flash><br>コラボイベント報酬をゲットしました！
scheme_item_param_2	blakb4cs
scheme_popup_2	<flash>EXキャラクター「%@」ゲット！</flash><br>パワーアップ画面から取得可能です
scheme_item_param_3	/girlsmons_charaget.html
scheme_popup_3	<flash>EXキャラクター「%@」ゲット！</flash>
scheme_popup_3_option	<flash>EXキャラクター「%@」ゲット！</flash><br>パワーアップ画面から取得可能です
scheme_popup_3_option_get	特典を受け取り済みです<br>パワーアップ画面をご確認ください
scheme_item_param_4	crashfever1-jp
scheme_popup_4	<flash>EXキャラクター「%@」ゲット！</flash>
scheme_item_param_5	crashfever2-jp
scheme_popup_5	<flash>%@%@</flash><br>コラボイベント報酬をゲットしました！
scheme_item_param_6	crashfever3-jp
scheme_popup_6	<flash>%@%@枚</flash><br>コラボイベント報酬をゲットしました！
scheme_item_param_7	enquete/1/r89kqiua
scheme_popup_7	<flash>アンケートご協力特典！<br>%@%@個ゲット！</flash>
scheme_item_param_8	shoumetsu1
scheme_popup_8	<flash>EXキャラクター「%@」ゲット！</flash>
scheme_item_param_9	shoumetsu1
scheme_popup_9	<flash>%@%@枚</flash><br><flash>%@%@個</flash><br>コラボイベント報酬をゲットしました！
scheme_item_param_10	shoumetsu2
scheme_popup_10	<flash>%@ %@</flash><br><flash>%@%@個</flash><br>コラボイベント報酬をゲットしました！
scheme_item_param_11	shoumetsu3
scheme_popup_11	<flash>%@%@枚</flash><br>コラボイベント報酬をゲットしました！
scheme_item_param_12	merc1
scheme_popup_12	<flash>EXキャラクター「%@」ゲット！</flash>
scheme_item_param_16	merc2
scheme_popup_16	<flash>%@%@枚</flash><br>コラボイベント報酬をゲット！
scheme_item_param_17	merc3
scheme_popup_17	<flash>%@%@枚</flash><br>コラボイベント報酬をゲット！
scheme_item_param_18	/mercstoria_get_2017.html
scheme_popup_18	<flash>EXキャラクター「%@」ゲット！</flash>
scheme_application_url_18	jp.co.happyelements.toto://
scheme_store_ios_18	http://click.adzcore.com/1.0.22dfb467df63fb5aa52c82a8a1767632c
scheme_store_android_18	http://click.adzcore.com/1.0.73a6026cdd6629c5bf51433b4fbdd487c
scheme_item_param_13	/kerihime_get_2017.html
scheme_popup_13	<flash>EXキャラクター「%@」ゲット！</flash>
scheme_item_param_14	/kerihime_get_2017.html
scheme_popup_14	<flash>%@%@枚</flash><br>コラボイベント報酬をゲット！
scheme_item_param_15	/namesuta_get_2017.html
scheme_popup_15	<flash>EXキャラクター「%@」ゲット！</flash>
scheme_item_param_19	pasela1
scheme_popup_19	<flash>EXキャラクター「%@」ゲット！</flash>
scheme_item_param_20	/hiyoko_petit_race_get_2018.html
scheme_popup_20	<flash>%@%@枚</flash><br>コラボイベント報酬をゲット！
scheme_application_url_20	ponos-hiyokorace://ponos/battlecats
scheme_store_ios_20	https://www.hiyokorace.com/redirect/from_nyanko.html
scheme_store_android_20	https://www.hiyokorace.com/redirect/from_nyanko.html
scheme_item_param_21	hiyokorace1
scheme_popup_21	<flash>%@%@枚</flash><br>コラボイベント報酬をゲット！
scheme_item_param_22	hiyokorace2
scheme_popup_22	<flash>%@%@個</flash><br>コラボイベント報酬をゲット！
scheme_item_param_23	hiyokorace3
scheme_popup_23	<flash>%@%@枚</flash><br>コラボイベント報酬をゲット！
scheme_item_param_24	enquete/3/qgh1f1ow
scheme_popup_24	<flash>アンケートご協力特典！<br>%@%@個ゲット！</flash>
scheme_item_param_25	/fight_club_get_2018.html
scheme_popup_25	<flash>%@%@枚</flash><br>コラボイベント報酬をゲット！
scheme_application_url_25	ponos-fightclub://ponos/battlecats
scheme_store_ios_25	https://app.appsflyer.com/id1314154120?pid=tbc&c=20180514
scheme_store_android_25	https://app.appsflyer.com/jp.co.ponos.fightclub?pid=tbc&c=20180514
scheme_item_param_26	fightclub1
scheme_popup_26	<flash>%@%@枚</flash><br>コラボイベント報酬をゲット！
scheme_item_param_27	fightclub2
scheme_popup_27	<flash>%@%@個</flash><br>コラボイベント報酬をゲット！
scheme_item_param_28	fightclub3
scheme_popup_28	<flash>%@%@枚</flash><br>コラボイベント報酬をゲット！
scheme_item_param_29	/kyo_to_no_nayuta_get_2018.html
scheme_popup_29	<flash>%@%@枚</flash><br>コラボイベント報酬をゲット！
scheme_application_url_29	ponos-kyoutou://ponos/battlecats
scheme_store_ios_29	https://app.adjust.com/akol2h
scheme_store_android_29	https://app.adjust.com/akol2h
scheme_item_param_30	kyotononayuta1
scheme_popup_30	<flash>%@%@枚</flash><br>コラボイベント報酬をゲット！
scheme_item_param_31	kyotononayuta2
scheme_popup_31	<flash>%@%@枚</flash><br>コラボイベント報酬をゲット！
scheme_item_param_32	kyotononayuta3
scheme_popup_32	<flash>%@%@個</flash><br>コラボイベント報酬をゲット！
scheme_popup_browser	イベント報酬ゲット！<br>ネコ基地で受け取り確認することができます
scheme_popup_browser_get	イベント特典を受け取り済みです
rarity_name_1	基本キャラ
rarity_name_2	EX
rarity_name_3	レア
rarity_name_4	激レア
rarity_name_5	超激レア
unlock_popup_message_0	<flash>お宝が解放！！</flash><br>各地に眠るお宝を集めて<br>強力な特殊効果を発動させるのだ！
unlock_popup_message_1	<flash>パワーアップ画面が登場</flash><br>メインメニューから<br>選べるようになりました！<br>戦闘に出陣できるようになります
unlock_popup_message_2	<flash>敵キャラ図鑑が解放されました！</flash><br>今までの出現した敵キャラの<br>プロフィールを見ることができます
unlock_popup_message_3	<flash>「アイテムショップ」が解放されました！</flash><br>ステージクリアに役立つ<br>さまざまなアイテムを<br>購入することができます
unlock_popup_message_4	<flash>にゃんこ図鑑が解放されました！</flash><br>取得したにゃんこたちの<br>プロフィールを見ることができます
unlock_popup_message_5	<flash>ガマトト探検隊が解放されました！</flash><br>ガマトトを探検させると<br>いろんなアイテムを取得することができます
unlock_popup_message_6	<flash>「アイテムショップ」に新商品が追加！</flash><br>ガマトト探検隊で役立つアイテムを<br>購入することができます
unlock_popup_message_7	<flash>レベル上限解放！</flash><br>キャッツアイを使って、さらにキャラクターの<br>レベル上限を解放することができます<br>レベル30に到達後、使用できます
unlock_popup_message_8	<flash>イベントステージが解放！</flash><br>タイトル画面から移動できます
unlock_popup_message_9	<flash>日本編に新たな章が出現</flash><br>タイトル画面の日本編を選択すれば<br>新しい章に挑戦できます！
unlock_popup_message_10	<flash>日本編に新たな章が出現</flash><br>タイトル画面の日本編を選択すれば<br>新しい章に挑戦できます！
unlock_popup_message_11	<flash>チャレンジモード解放！</flash><br>メインメニューからチャレンジできます<br>また、クラスチェンジ前の姿に切替可能な<br>「切替ボタン」が追加されました！
unlock_popup_message_12	<flash>ガチャが解放！</flash><br>ネコ基地にガチャが出現しました
unlock_popup_message_13	<flash>新キャラメッセージ</flash>
unlock_popup_message_14	<flash>クリアボーナス！</flash><br>EXキャラクター「マメマメにゃんこ」ゲット！<br>パワーアップ画面から無料で取得可能です。
unlock_popup_message_15	<flash>全クリアボーナス！</flash><br>EXキャラクター「もねこ」ゲット！<br>パワーアップ画面から無料で取得可能です。
unlock_popup_message_16	<flash>タイトル画面にレジェンドストーリーが出現！</flash><br>不定期に開催されるイベントステージも<br>レジェンドストーリーから挑戦できます
unlock_popup_message_17	<flash>未来編が出現！</flash><br>タイトル画面の未来編を選択すれば<br>新しいステージに挑戦できます！
unlock_popup_message_18	<flash>「全キャラ」表示が追加されました！</flash><br>取得済みキャラクターを一覧表示できます<br>パワーアップ画面などで選択可能です
unlock_popup_message_19	<flash>キャラクター編成が登場しました！</flash><br>編成画面でキャラを選択することで<br>戦闘に出陣できるようになります
unlock_popup_message_20	<flash>出陣スロットの数が追加！</flash><br>キャラクター編成画面で編成を<br>３つまで保存可能になりました！
unlock_popup_message_21	<flash>ユーザーランクが解放されました！</flash><br>目標ランクに達すると報酬ゲット！<br>パワーアップ数の総合計がランク数になります
unlock_popup_message_22	<flash>「にゃんコンボ」が解放されました！</flash><br>キャラクターを組み合せてコンボスキル発動！<br>編成画面のにゃんコンボ図鑑で確認できます
unlock_popup_message_23	<flash>ネコ道場が解放されました！！</flash><br>タイトル画面のネコ道場を選択して<br>腕試ししてみよう！
unlock_popup_message_24	<flash>全クリアボーナス！</flash><br>にゃんコンボの新たな力をゲット！<br>キャラクター編成画面のにゃんコンボ図鑑で<br>確認可能です
unlock_popup_message_25	<flash>未来編に新たな章が出現！</flash><br>タイトル画面の未来編を選択すれば<br>新しい章に挑戦できます！
unlock_popup_message_26	<flash>未来編に新たな章が出現！</flash><br>タイトル画面の未来編を選択すれば<br>新しい章に挑戦できます！
unlock_popup_message_27	<flash>全クリアボーナス！</flash><br>EXキャラクター<br>「ネコヴァルキリー」第3形態ゲット！<br>合計レベル20以上で進化可能です
unlock_popup_message_28	<flash>全クリアボーナス！</flash><br>にゃんコンボの新たな力をゲット！<br>キャラクター編成画面のにゃんコンボ図鑑で<br>確認可能です
unlock_popup_message_29	<flash>全クリアボーナス！</flash><br>EXキャラクター<br>「ネコムート」第3形態ゲット！<br>合計レベル20以上で進化可能です
unlock_popup_message_30	<flash>全クリアボーナス！</flash><br>にゃんコンボの新たな力をゲット！<br>キャラクター編成画面のにゃんコンボ図鑑で<br>確認可能です
unlock_popup_message_31	<flash>マタタビ貯蔵庫が解放！</flash><br>進化に必要なマタタビを貯めることが可能！<br>ネコ基地の貯蔵庫から使用できます
unlock_popup_message_32	<flash>録画機能を使えるようになりました！！</flash><br>タイトル画面の「オプション」で自動録画を<br>ＯＮにすると戦闘開始時に自動録画スタート！<br>戦闘終了すると自動で録画が停止されます
unlock_popup_message_33	<flash>共有動画を観にいけるようになりました！！</flash><br>タイトルオプション、ネコ基地のメニューから<br>確認することができます
unlock_popup_message_34	<flash>レベル上限解放！</flash><br>レベルの上限が解放され<br>さらなるパワーアップが可能になりました！
unlock_popup_message_35	<flash>新たなキャラクターが出現しました！</flash><br>パワーアップ画面から取得可能です
unlock_popup_message_36	<flash>新たなキャラクターが出現しました！</flash><br>パワーアップ画面から取得可能です
unlock_popup_message_37	<flash>新たなキャラクターが出現しました！</flash><br>パワーアップ画面から取得可能です
unlock_popup_message_38	<flash>新たなキャラクターが出現しました！</flash><br>パワーアップ画面から取得可能です
unlock_popup_message_39	<flash>新たなキャラクターが出現しました！</flash><br>パワーアップ画面から取得可能です
unlock_popup_message_40	<flash>新たなキャラクターが出現しました！</flash><br>パワーアップ画面から取得可能です
unlock_popup_message_41	<flash>新たなキャラクターが出現しました！</flash><br>パワーアップ画面から取得可能です
unlock_popup_message_42	<flash>新たなキャラクターが出現しました！</flash><br>パワーアップ画面から取得可能です
unlock_popup_message_43	<flash>新たなキャラクターが出現しました！</flash><br>パワーアップ画面から取得可能です
unlock_popup_message_44	<flash>新たなキャラクターが出現しました！</flash><br>パワーアップ画面から取得可能です
unlock_popup_message_45	<flash>新たなキャラクターが出現しました！</flash><br>パワーアップ画面から取得可能です
unlock_popup_message_46	<flash>新たなキャラクターが出現しました！</flash><br>パワーアップ画面から取得可能です
unlock_popup_message_47	<flash>新たなキャラクターが出現しました！</flash><br>パワーアップ画面から取得可能です
unlock_popup_message_48	<flash>新たなキャラクターが出現しました！</flash><br>パワーアップ画面から取得可能です
unlock_popup_message_49	<flash>全クリアボーナス！</flash><br>EXキャラクター「%@」ゲット！<br>パワーアップ画面から取得可能です
unlock_popup_message_50	<flash>全クリアボーナス！</flash><br>EXキャラクター「%@」ゲット！<br>パワーアップ画面から取得可能です
unlock_popup_message_51	<flash>クリアボーナス！</flash><br>EXキャラクター「%@」ゲット！<br>パワーアップ画面から取得可能です
unlock_popup_message_52	<flash>クリアボーナス！</flash><br>EXキャラクター「%@」ゲット！<br>パワーアップ画面から取得可能です
unlock_popup_message_53	<flash>全クリアボーナス！</flash><br>EXキャラクター<br>「%@」第3形態ゲット！<br>合計レベル20以上で進化可能です
unlock_popup_message_54	<flash>全クリアボーナス！</flash><br>EXキャラクター<br>「%@」第3形態ゲット！<br>合計レベル20以上で進化可能です
unlock_popup_message_55	<flash>「オトート開発隊」が解放されました！</flash><br>にゃんこ城の見た目やにゃんこ砲の性能<br>を変えることができます<br>ガマトトから確認可能です
unlock_popup_message_56	<flash>にゃんこミッションが解放されました！</flash><br>様々な課題を達成することで<br>報酬を獲得できます
unlock_popup_message_57	<flash>宇宙編が出現！</flash><br>タイトル画面の宇宙編を選択すれば<br>新しいステージに挑戦できます！
unlock_popup_message_58	<flash>全クリアボーナス！</flash><br>神さまのごほうびをゲット！<br>日本編・未来編・宇宙編で神さまのチカラを<br>お得に利用することが可能です
unlock_popup_message_59	<flash>宇宙編クリアおめでとう！</flash><br>次の章も追加予定なので<br>アップデートを待って下さいにゃ！
unlock_popup_message_60	<flash>全クリアボーナス！</flash><br>EXキャラクター「ウルフとウルルン」<br>第3形態の解放！Lv30到達後、<br>必要数のXP、マタタビ使用で進化可能です
unlock_popup_message_61	<flash>全クリアボーナス！</flash><br>EXキャラクター「コニャンダム」<br>第3形態の解放！Lv30到達後、<br>必要数のXP、マタタビ使用で進化可能です
unlock_popup_message_62	<flash>全クリアボーナス！</flash><br>EXキャラクター「ネコずきんミーニャ」<br>第3形態の解放！Lv30到達後、<br>必要数のXP、マタタビ使用で進化可能です
unlock_popup_message_63	<flash>全クリアボーナス！</flash><br>EXキャラクター「宮木武蔵」<br>第3形態の解放！Lv30到達後、<br>必要数のXP、マタタビ使用で進化可能です
unlock_popup_message_64	<flash>レジェンドストーリーに真レジェンドステージが出現！</flash><br>レジェンドストーリーから挑戦できます
unlock_popup_message_65	<flash>レベル上限解放！</flash><br>キャッツアイを使って、さらにキャラクターの<br>レベル上限を解放することができます<br>※ユーザランク1600に到達している必要があります
unlock_popup_message_66	<flash>クリアボーナス！</flash><br>EXキャラクター「ぶんぶんネコライダー」<br>第3形態の解放！Lv30到達後、<br>必要数のXP、マタタビ使用で進化可能です
Castle_Tutorial00	<flash>オトート開発隊へ入隊おめでとう！</flash><br>ここではにゃんこ城の見た目や性能を<br>拡張開発できるぞ！
Castle_Tutorial01	にゃんこ城の開発隊長オトートをタップして<br>開発の設計図を選択しよう！
Castle_Tutorial02	装備変更をタップして<br>にゃんこ城を着せ替えてみよう！
Castle_part00	土台
Castle_part01	装飾
Castle_part02	主砲
Castle_dev_finish00	<flash>にゃんこ城強化が完了しました！</flash>
Castle_dev_finish01	<flash>%@の%@開発が完了しました！</flash>
Castle_dev_finish02	<flash>%@の主砲強化が完了しました！</flash>
Castle_lock00	にゃんこ城開発するためには<br>にゃんこ砲攻撃力・にゃんこ砲射程・にゃんこ砲チャージ<br>をレベル10にしておく必要があります
Castle_lock01	このパーツを開発するには<br>%@<br>を達成する必要があります
Castle_lock02	このパーツを開発するには<br>%@の主砲を開発しておく必要があります
Castle_lock03	必要素材が不足しています<br>※レジェンドステージからたまに入手できます
Castle_lock03a	開発に必要な助手が不足しています<br>※ガマトト探検エリアで発見することがあります
Castle_lock04	レベル上限に達しています！<br>このバージョンでは<br>これ以上強化することはできません
Castle_lock05	このパーツを強化するには<br>%@<br>を達成する必要があります
Castle_researcher	オトート開発隊の助手として採用しました<br>一度だけ開発の手助けをしてくれます
Castle_dev_suspend	作業を中断しますか？<br>※中断しても助手と素材は戻って来ません
Castle_researcher_name00	助手 その%d
Castle_researcher_name01	助手
Castle_researcher_counter	助手数
Castle_researcher_desc	にゃんこ城開発を手助けしてくれる助手<br>※開発が終わると実家に帰ってしまう
Castle_dev_start00	にゃんこ城強化を開始します
Castle_dev_start01	%@の%@開発を開始します
Castle_dev_start02	%@の主砲強化を開始します
Castle_material_drop00	<flash>素材ドロップ！</flash><br>
Castle_material_drop01	×
Castle_researcher_get	%@を発見しました！
Castle_UnlockDataId_1	スロウ砲の主砲開発を完了し、ユーザーランク600
Castle_UnlockDataId_2	鉄壁砲の主砲開発を完了し、ユーザーランク900
Castle_UnlockDataId_3	かみなり砲の主砲開発を完了し、ユーザーランク900
Castle_UnlockDataId_4	にゃんこ砲攻撃力合計レベル30<br>にゃんこ砲チャージ合計レベル30
local_notification_custom	にゃんこ城開発が完了したにゃ～！
Castle_AutoChange	土台・装飾・主砲の装備変更を反映しました
Castle_shoter00	%@を使用しますか？,作業時間を%d時間短くします
Castle_shoter01	作業時間が,時間短縮されました！
castle_connection_failed	開発残り時間の取得に失敗しました。通信環境の良い所で再起動してください。
castle_fraud	端末時間が変更された可能性があります。しばらくの間、開発残り時間が進みません。
beacon_event_date	開催期間: %d年%d月%d日～%d年%d月%d日まで
beacon_event_before	にゃんこビーコンのイベントは<br>現在、開催してないにゃ
beacon_event_held	にゃんこビーコン電波を<br>検索してるにゃ～
beacon_event_held2	イベント報酬を受け取ると<br>取得済マークがつくにゃ
beacon_bluetooth_off	にゃんこビーコン受信するなら<br>Bluetoothをオンにして<br>ほしいにゃ～
beacon_location_off	にゃんこビーコン受信するなら<br>位置情報の利用を許可して<br>ほしいにゃ～
beacon_location_authorization	にゃんこビーコン受信するなら<br>位置情報の利用を許可して<br>ほしいにゃ～
beacon_pushinfo_off	にゃんこビーコン受信するなら<br>プッシュ通知設定をオンにするにゃ
beacon_wifi_off	にゃんこビーコン受信するなら<br>Wi-Fiをオンにするにゃ
beacon_reward_before	にゃんこビーコン報酬はまだ取得していません
beacon_reward_received	にゃんこビーコン報酬は受け取り済みです
beacon_event_2017520	京都みやこめっせで記念キャラを取得しよう！<br>5/20～5/21に開催されるBitSummit2017会場の<br>にゃんこブースに訪問すれば<br>記念キャラ「ネコまねき」を取得可能！<br>※にゃんこビーコン受信設定が必要です<br>※詳細はバナーをタップ！
beacon_unsupported_device	この端末/OSバージョンには対応していません
not_enough_space_left_on_device	端末の空き容量が足りないためダウンロードに失敗しました。（仮）
ranking_description	<flash>ランキングステージ</flash><br>ハイスコアで順位が変わるステージです<br>※ハイスコア登録には通信環境が必要になります<br>※イベントが終了するとスコアと順位はリセットされます
ranking_unauthorized	ネコカンが不足しています<br>このステージを挑戦するにはネコカンが必要です
ranking_suspend	戦闘を中止しますか？
ranking_error01	ランキングサーバーへの通信に失敗しました
ranking_default	―
ranking_title01	伝説
ranking_title02	免許皆伝
ranking_title03	道場主
ranking_title04	師範
ranking_title05	黒帯
ranking_title06	白帯
ranking_title07	入門者
ranking_resultcomment	<flash>暫定順位 上位 %d％！</flash><br> %@の称号を与えるにゃ
ranking_start	<flash>ネコ道場ランキングイベント開催中！</flash><br>（イベント開催期間：%d/%02d/%02d ～ %d/%02d/%02d）<br>ランキングステージに挑戦して他のユーザーと順位を競おう！<br>期間終了時に、順位に応じた報酬がもらえます
ranking_announce01	<flash>ネコ道場ランキングイベント結果発表</flash><br>（イベント開催期間：%d/%02d/%02d ～ %d/%02d/%02d）<br>最終順位：上位 %d％！<br>報酬を受信BOXから受け取ることができます<br>（受け取り期間は１か月間です）
ranking_announce02	<flash>ネコ道場ランキングイベント結果発表</flash><br>（イベント開催期間：%d/%02d/%02d ～ %d/%02d/%02d）<br>最終順位：上位 %d％！<br>今回は報酬圏外にゃ<br>つぎも頑張るにゃ～
ranking_no_reward	なし
urguerrilla_warning00	１回クリアすると再挑戦できなくなるステージです<br>クリアするまでは何度でも挑戦できます
mission_receive_achieved	<flash>ミッション達成！</flash>
mission_receive_item	<color=255,255,0>報酬：%@ %d個</color>
mission_receive_item_xp	<color=255,255,0>報酬：%@ +%d</color>
mission_receive_item_chara	<color=255,255,0>報酬：キャラクター「%@」</color>
mission_receive_item_chara_evolve	<color=255,255,0>報酬：キャラクター「%@」第3形態</color>
everyplay_mapname_E	EXステージ
everyplay_mapname_N	レジェンドステージ
everyplay_mapname_S	スペシャルステージ
everyplay_mapname_C	コラボステージ
everyplay_mapname_T	ネコ道場
everyplay_mapname_V	スペシャルステージ
everyplay_mapname_J	日本編%d章
everyplay_mapname_W	未来編%d章
everyplay_mapname_P	宇宙編%d章
everyplay_mapname_Z	(ゾンビ化)
tower_twitter	我らが「にゃんこ軍団」が風雲にゃんこ塔の%@を侵略しました。
tower_facebook	我らが「にゃんこ軍団」が風雲にゃんこ塔の%@を侵略しました。\n%@
lang	ja
network_unavailable	ネットワークにアクセスできません。
connecting	通信中...
error	エラーが発生しました。
gamecenter_noauth	Game Centerにログインしてください。
purchase_unavailable	課金が無効になっています。設定の機能制限でApp内での購入をオンにしてください。
purchase_failed	購入に失敗しました。
purchase_verifying	購入手続き中です。
disconnected	通信が切断されました。
invalid_data_received	無効なデータを受信しました。
nekokan_bonus_msg	<span class='kakoi2'>%d個お得!!</span>
Copied_txt	クリップボードにコピーしました。
err_txt	読み込みエラー
err_v_txt	アプリのバージョンが古い為、\nデータの引継ぎを\nすることができません。\n「更新」ボタンを押して\nアプリのバージョンアップを\n行って下さい。
nyanko_url	https://itunes.apple.com/jp/app/nyanko-da-zhan-zheng/id547145938?mt=8
nyanko_update	更新
catfoodbuy_txt	購入手続きが完了しました。
catfoodtapjoy_txt	無料ネコカン+%d個\nゲットしました！
adreward_txt	%@+%d個\nゲットしました！
network_unavailable_energy	通信エラーのため\n統率力を回復できません
network_unavailable_gamatoto	通信エラーのため\nネコカンを取得できません
facebook_txt1	我らが「にゃんこ軍団」が%@を侵略しました。\n%@
twitter_txt1	我らが「にゃんこ軍団」が%@を侵略しました。
twitter_hash	#nyanko
yes_txt	はい
no_txt	いいえ
Rank_txt0	ユーザーランク
Rank_txt1	キャラクターや戦力アイテムのパワーアップ数値の合計が
Rank_txt2	ユーザーランクとして表示されます
Rank_txt3	ある一定のユーザーランクに到達するごとに
Rank_txt4	ユーザーランクに応じた報酬を受け取ることができます
downloading	ダウンロード中
download_wrn_cellular	Wi-Fi環境で接続されていません。モバイルデータ通信を使用します。\n※携帯電話会社とご契約されているプランによって通信接続料が発生する可能性があります。
download_err	ダウンロードに失敗しました。\n通信環境を確認してください。
download_retry	リトライ
warning_text1	「にゃんこ大戦争」の基本プレイは無料ですが、
warning_text2	一部有料コンテンツがございます。
url_err	ご利用のバージョンでは対応していない機能です。アプリのアップデートを行ってください。
sign_in	サインイン
sign_out	サインアウト
model_conversion	機種変更
notice	PUSH通知
push_on	ON
push_off	OFF
local_push	統率力通知
local_notification	統率力がMAXにゃ～！
local_notification_expedition	ガマトトが探検から帰還したにゃ～！
google_1	ロード中
google_2	セーブ中
google_3	取得中
nyanko_storage	にゃんこ貯蔵庫に%dつ送られました
settle_nyanko	現在、%d個持っています
boss_hp	ボス残り体力
clear_1	初クリア報酬
clear_2	ネコカン+30個
pause_1	戦闘中のデータがあります
pause_2	戦闘中から復帰しますか？
ok_txt	OK
evolveWarningText0	レベル
evolveWarningText1	XP
evolveWarningText2	マタタビ
evolveWarningText3	不足
evolveWarningText4	・
gamatotoReward_1	ネコカン発見にゃ！
gamatotoReward_1_1	アイテム袋発見にゃ！
gamatotoReward_2	広告を観ると掘り起こすことが出来るにゃ！
gamatotoReward_3	発掘しますか？
gama_collabo_00_popup	<flash>実況パワフルプロ野球コラボ開催中！</flash><br>パワプロのマスコット犬「ガンダー」が<br>ガマトト探検隊に臨時加入！<br>コラボ期間中、獲得アイテム量がアップします<br>※ネコカンは対象外です
gama_collabo_00_name	ガンダー
gama_collabo_00_charatext	パワプロからガマトト探検隊に臨時加入したマスコット犬<br>コラボ期間中、獲得アイテム量をアップしてくれます<br>※ネコカンは対象外です
beginnerPack1_Title	初心者応援パック 購入
beginnerPack2_Title	初心者超応援パック 購入
beginnerPack3_Title	初心者激応援パック 購入
rankupSale1_Title	お得！ネコカンパック 購入
rankupSale2_Title	お得！経験値パック　購入
rankupSale3_Title	お得！アイテムパック　購入
beginnerPack1	「ネコカン」 %d個 →
beginnerPack2	「経験値」 %dXP →
beginnerPack3	「トレジャーレーダー」 %d個 →
beginnerPack4	「ネコボン」 %d個 →
beginnerPack5	「おかめはちもく」 %d個 →
beginnerPack6	「スニャイパー」 %d個 →
beginnerPack1_result	%d個
beginnerPack2_result	%dXP
beginnerPack3_result	%d個
beginnerPack4_result	%d個
beginnerPack5_result	%d個
beginnerPack6_result	%d個
rankupSale1	「ネコカン」 %d個 →
rankupSale2	「経験値」 %dXP →
rankupSale3	「スピードアップ」 %d個 →
rankupSale4	「トレジャーレーダー」 %d個 →
rankupSale5	「ニャンピュータ」 %d個 →
rankupSale1_result	%d個
rankupSale2_result	%dXP
rankupSale3_result	%d個
rankupSale4_result	%d個
rankupSale5_result	%d個
tapjoy_video_error	動画の再生に失敗しました。通信環境を見直して再度お試しください。
line_appli_url	https://itunes.apple.com/jp/app/line/id443904275?mt=8
line_appli_url_android	https://play.google.com/store/apps/details?id=jp.naver.line.android&amp;hl=ja
line_message	にゃんこ大戦争を一緒にプレイしてほしいにゃ！
serial_txt1	シリアルコードが入力されました！\nタイトル画面右下の「受信ＢＯＸ」ボタンから受け取りを確認できます。
serial_txt2	※「受信ＢＯＸ」ボタンは「福岡県」クリア後に表示されます。
serial_txt3	※プレゼントの受け取りにはGame Centerへのログインが必要です。
serial_txt4	※受け取りしていないプレゼントのシリアルコードがキャンセルされました。\nコード入力ページのご注意をご確認ください。
warningtxt1	ゲームが初期状態のため\n保存するデータがありません。
autoSave_txt1	お問い合わせコード\n%@\nお問い合わせコードを紛失された場合はサポート対象外となります。\n上記コードはオプション画面からいつでも確認できます。
autoSave_txt2	お問い合わせコード：%@
autoSave_txt3	お問い合わせコードは必ずメモをして、大切に保管してください。
autoSave_txt4	お問い合わせコードを紛失された場合は、いかなるサポートもお受けすることはできません。
autoSave_txt5	お問い合わせコード
autoSave_txt6	お問い合わせコードは必ずメモをして大切に保管して下さい。
collaboration_txt1	コラボ特典%dをゲット！
collaboration_txt2	コラボ特典をゲット！
nyancombo_txt1	タップでキャラクター名表示
nyancombo_txt2	【ノーマル】
nyancombo_txt3	【EX】
nyancombo_txt4	【レア】
nyancombo_txt5	【激レア】
nyancombo_txt6	【超激レア】
nyancombo_txt7	【レジェンド】
nyancombo_txt8	???
nyancombo_txt9	 ？？？？？
nyancombo_txt10	出陣スロット1行目に該当キャラクターをセットすればスキル発動！
nyancombo_txt11	コンボ名をダブルタップすれば自動でセットすることが出来ます
nyancombo_pop0	「%@」のキャラクターを
nyancombo_pop1	現在のスロットにセットします。
nyancombo_pop2	よろしいですか？
pictureBook1	%@のにゃんコンボ
pictureBook2	これをヒントに新しいにゃんコンボを発動させよう！
picBook_getCatFood1	%@を解放しました！
picBook_getCatFood2	ネコカンを5個ゲットしました！
picBook_filteringMiss1	絞り込みの結果、該当するキャラクターは
picBook_filteringMiss2	見つかりませんでした。
picBook_Rarity0	ノーマル
picBook_Rarity1	EX
picBook_Rarity2	レア
picBook_Rarity3	激レア
picBook_Rarity4	超激レア
picBook_Rarity5	レジェンド
gamestop	不正なセーブデータを検知しました。\n利用規約に基づき、\nアプリの利用は継続できません。
daily_login_date	%d日目
filter_err1	絞り込みの結果、該当するキャラクターは
filter_err2	見つかりませんでした。
exstage_text1	EXステージ「%@」が出現しました！
exstage_text2	挑戦しますか？
exstage_text3	アイテムの使用は継続出来ません。
unit_evol_0	f
unit_evol_1	c
unit_evol_2	s
unit_evol_3	u
img001.png	img001_ja.png
img001.imgcut	img001_ja.imgcut
img002.png	img002_ja.png
img002.imgcut	img002_ja.imgcut
img004.png	img004_ja.png
img004.imgcut	img004_ja.imgcut
img006.png	img006_ja.png
img006.imgcut	img006_ja.imgcut
img008.png	img008_ja.png
img008.imgcut	img008_ja.imgcut
img009.png	img009_ja.png
img009.imgcut	img009_ja.imgcut
img010.png	img010_ja.png
img010.imgcut	img010_ja.imgcut
img011.png	img011_ja.png
img011.imgcut	img011_ja.imgcut
img012.png	img012_ja.png
img012.imgcut	img012_ja.imgcut
img019.png	img019_ja.png
img019.imgcut	img019_ja.imgcut
img022.png	img022_ja.png
img022.imgcut	img022_ja.imgcut
img023.png	img023_ja.png
img023.imgcut	img023_ja.imgcut
img024.png	img024_ja.png
img024.imgcut	img024_ja.imgcut
img027.png	img027_ja.png
img027.imgcut	img027_ja.imgcut
img028.png	img028_ja.png
img028.imgcut	img028_ja.imgcut
img029.png	img029_ja.png
img029.imgcut	img029_ja.imgcut
img031.png	img031_ja.png
img031.imgcut	img031_ja.imgcut
img033.png	img033_ja.png
img033.imgcut	img033_ja.imgcut
img037.png	img037_ja.png
img037.imgcut	img037_ja.imgcut
img041.png	img041_ja.png
img041.imgcut	img041_ja.imgcut
img100.png	img100_ja.png
img100.imgcut	img100_ja.imgcut
item000.png	item000_ja.png
ec047.png	ec047_ja.png
ec047.imgcut	ec047_ja.imgcut
ec048.png	ec048_ja.png
ec048.imgcut	ec048_ja.imgcut
nyancombo_autoset1	「%@」のキャラクターを<br>現在のスロットにセットします。<br>よろしいですか？
nyancombo_autoset2	「%@」のキャラクターを<br>現在のスロットにセットします。<br><color=255,0,0>現在、適用中のにゃんコンボを上書きしますが<br>よろしいですか？</color>
nyancombo_autoset3	進化状態が合わないキャラがいるため<br>「%@」は発動しませんでした<br>※進化状態を確認してください
challenge_twitter	我らが「にゃんこ軍団」がチャレンジバトル %@で、%d点を獲得しました。
challenge_facebook	我らが「にゃんこ軍団」がチャレンジバトル %@で、%d点を獲得しました。\n %@
challenge_popup	チャレンジモードへようこそ！<br>クリア時間が早いほど高得点を獲得できるステージ！<br>何度も挑戦してハイスコアを目指そう！<br>※このステージではアイテムを使用できません。
everyplay_mapname_M	スペシャルステージ
everyplay_mapname_R	ランキングステージ
ranking_twitter	我らが「にゃんこ軍団」がランキングステージ %@で、%d点を獲得しました。 %@
ranking_facebook	我らが「にゃんこ軍団」がランキングステージ %@で、%d点を獲得しました。\n %@
item_pack_name_11	初心者応援プラチナパッケージ！ 購入
stage_restriction_dot	・
stage_restriction_cost_over	%d円以上
stage_restriction_cost_under	%d円以下
stage_restriction_cost_just	%d円のみ
stage_restriction_limit_1	レア度：<color=255,255,0>%@</color>
stage_restriction_limit_2	ステージに出せる最大キャラ数：<color=255,255,0>%d体</color>
stage_restriction_limit_3	出陣スロット：<color=255,255,0>%dページ目のみ</color>
stage_restriction_limit_4	生産コスト：<color=255,255,0>%@</color>
stage_restriction_text_0	出撃可能なキャラクター条件
stage_restriction_text_1	出陣スロットが上記の条件を満たしていません
stage_restriction_warning	このキャラクターは出撃できません！
stage_restriction_level_select	<color=255,255,0>出撃制限あり</color>
initializing_adgeneration	機能を読み込んでいます。\nしばらく後にご利用ください。
VAMPErrorCodeNotSupportedOsVersion	サポートされていないOSバージョンです
VAMPErrorCodeUnknown	不明なエラー
VAMPErrorCodeServerError	サーバー間通信エラー
VAMPErrorCodeNoAdnetwork	通信がタイムアウトしました
VAMPErrorCodeNeedConnection	ネットワーク通信が行えませんでした
VAMPErrorCodeMediationTimeout	通信がタイムアウトしました
VAMPErrorCodeUserCancel	キャンセルされました
VAMPErrorCodeNoAdStock	広告在庫がありません
VAMPErrorCodeAdnetworkError	通信がタイムアウトしました
everyplay_community_url	https://everyplay.com/niyankoda-zhan-zheng/home
GiftMessage_000	<flash>☆★☆　ステージクリアボーナス　☆★☆</flash><br>第二章を全てクリアすれば、<br>超レアキャラ「ネコヴァルキリー」を<br>手に入れることが出来るぞ
GiftMessage_001	<flash>☆★☆　ステージクリアボーナス　☆★☆</flash><br>第三章を全てクリアすれば、<br>超レアキャラ「ネコムート」を<br>手に入れることが出来るぞ
GiftMessage_002	<flash>☆★☆　ステージクリアボーナス　☆★☆</flash><br>未来編第二章を全てクリアすれば、<br>ＥＸキャラ「ネコヴァルキリー」を第3形態<br>に進化することが出来るぞ
GiftMessage_003	<flash>☆★☆　ステージクリアボーナス　☆★☆</flash><br>滋賀県をクリアすれば、<br>超レアキャラ「マメマメにゃんこ」を<br>手に入れることが出来るぞ
GiftMessage_004	<flash>☆★☆　ステージクリアボーナス　☆★☆</flash><br>第一章をクリアすれば、<br>超レアキャラ「もねこ」を<br>手に入れることが出来るぞ
GiftMessage_005	<flash>ステージクリアボーナス１</flash><br>「脱獄トンネル」最終ステージクリアで<br>超レアキャラ「ウルフとウルルン」を<br>まれに手に入れることが出来るぞ
GiftMessage_006	<flash>ステージクリアボーナス２</flash><br>「終わりを告げる夜」最終ステージクリアで<br>超レアキャラ「コニャンダム」を<br>まれに手に入れることが出来るぞ
GiftMessage_007	<flash>☆★☆　ステージクリアボーナス　☆★☆</flash><br>未来編第三章を全てクリアすれば、<br>ＥＸキャラ「ネコムート」を第3形態<br>に進化することが出来るぞ
GiftMessage_008	<flash>ステージクリアボーナス３</flash><br>「脆弱性と弱酸性」最終ステージクリアで<br>超レアキャラ「ネコずきんミーニャ」を<br>まれに手に入れることが出来るぞ
GiftMessage_009	<flash>ステージクリアボーナス４</flash><br>「ハリーウッド帝国」最終ステージクリアで<br>超レアキャラ「宮木武蔵」を<br>まれに手に入れることが出来るぞ
GiftMessage_010	<flash>☆★☆　ステージクリアボーナス　☆★☆</flash><br>宇宙編第一章を全てクリアすれば、<br>謎のごほうびを<br>手に入れることが出来るぞ
GiftMessage_011	<flash>☆★☆　ステージクリアボーナス　☆★☆</flash><br>未来編第一章を全てクリアすれば、<br>「にゃんコンボ」に新たな力を<br>加えることが出来るぞ
GiftMessage_012	<flash>ステージクリアボーナス５</flash><br>「真・伝説のはじまり」最終ステージクリアで<br>超レアキャラ「ぶんぶんネコライダー」を第3形態<br>に進化することが出来るぞ
LvUpLimit_txt	育成できるレベル上限に達しています
LvUpLimitMax_txt	現バージョンでのレベル上限に達しています
option_qrcode_title	「マイＱＲコード」
option_qrcode_txt1	このコードは特定のイベントで使用するQRコードです。
option_qrcode_txt2	大切な情報なので、必要時の提示以外には利用しないで下さい。
option_qrcode_txt3	読み取りの際は画面を明るくしていただきますようお願いします。
matatabi_growup_1	%@を5個まとめて<br>マタタビの実へと成長させます。<br>※ごくまれに虹マタタビに成長する場合があります
matatabi_growup_2	%@を5個まとめて<br>マタタビの実へと成長させます。
